[
    {
        "full_name": "Yashwanth M S",
        "email": "yashwanth@gmail.com",
        "phone": "9742869406",
        "experience": "2",
        "position": "AI ML Engineer",
        "location": "Bengaluru",
        "tech_stack": "Python , LLMs, ML",
        "assessment_score": 11.11111111111111,
        "score_breakdown": {
            "mcq": 16.666666666666664,
            "text": 0.0
        },
        "submission_timestamp": "2025-01-05T11:20:55.158054",
        "candidate_id": "CAND_1"
    },
    {
        "full_name": "Yashwanth M S",
        "email": "yashwanth@gmail.com",
        "phone": "9742869406",
        "experience": "2",
        "position": "AI ML Engineer",
        "location": "Bengaluru",
        "tech_stack": "Python , LLMs, ML",
        "assessment_score": 11.11111111111111,
        "score_breakdown": {
            "mcq": 16.666666666666664,
            "text": 0.0
        },
        "submission_timestamp": "2025-01-05T11:21:03.863602",
        "candidate_id": "CAND_2"
    },
    {
        "full_name": "Yashwanth M S",
        "email": "yashwanthsince2004@gmail.com",
        "phone": "9742869406",
        "experience": "2",
        "position": "AI Engineer ",
        "location": "Bengaluru",
        "tech_stack": "Python, LLM , Ml , DL",
        "assessment_score": 0.0,
        "score_breakdown": {
            "mcq": 0.0,
            "text": 0.0
        },
        "submission_timestamp": "2025-01-05T12:05:32.006769",
        "candidate_id": "CAND_3"
    },
    {
        "full_name": "Yashwanth M S",
        "email": "yashwanthsince2004@gmail.com",
        "phone": "9742869406",
        "experience": "2",
        "position": "AI Engineer ",
        "location": "Bengaluru",
        "tech_stack": "Python, LLM , Ml , DL",
        "assessment_score": 0.0,
        "score_breakdown": {
            "mcq": 0.0,
            "text": 0.0
        },
        "submission_timestamp": "2025-01-05T12:06:08.660696",
        "candidate_id": "CAND_4"
    }
]